repo_uid,resource_node_id,card_sha256,migration_status
B10,resource:B10,6b5d7ed2998f8eeb2dd2961c3d52aac2aba63b3ead8bdb41d8e88c5163188890,mapped
B105,resource:B105,4858bc38b1c8ef873a2da551ec08e7caf9e09909e9f0fdc5732794c60b4873f7,mapped
B106,resource:B106,d3da4591bce39d34d51443163971107979562239712c1d522b3116d743fd4b56,mapped
B113,resource:B113,e23ec67d6b06bc0a3cb580f296d5170debf5fbf70c8e27d595a1271bb136a3c0,mapped
B122,resource:B122,ec0862af2a0558d286acfa60d3a9764b9a064326c3e0eaa60108055af93caa2d,mapped
B126,resource:B126,98b2d272cd0e354a88e20c3a6834928b624360c9b188e09ea447d41e0281212a,mapped
B14,resource:B14,c955e855b37b7be1dda112aff16fe096bbaf2a474c8536a0570aef44945dde70,mapped
B140,resource:B140,64bcdf3a90962c5597a8e86218cbe6eb0be8aa2701196cb6e029a7b3116f74d9,mapped
B146,resource:B146,fbaadd563a7577d768158ad1a9d6bfecb5e6ee3aa4d994a01e1cd4c8ba53c61c,mapped
B154,resource:B154,b2853bc33ad600a6bbabbba6d779af44601c4adc0d17167a1fd68349ccea37b1,mapped
B155,resource:B155,3814f384b2ac137800e95bf4febbf6e60bd5365a0deec75f3128d082a6f8807a,mapped
B159,resource:B159,a49f25df159da67b1b2764cb20a418d90a69d72cfb3b310ea69c18f0a51fdef5,mapped
B162,resource:B162,68dd20382893524101f98e08d58369dad0d868cf55c1fed417e306784d1001cb,mapped
B175,resource:B175,1a9fe3b3f5b25b7289150666efe4ec7b8e889cf769674cc9ef3d90e7ecf83b32,mapped
B180,resource:B180,e91789cde28c6058fa2268f64034ee2fc82f348adfeebc224ee18ff75c337b06,mapped
B181,resource:B181,7991c1df9c95d76c8cd517b1c9f039eb035d5794869bb23de0bd8e046edb92c4,mapped
B190,resource:B190,af5d0a8d053e7c946990c88a3cab2fa8feff060e7c0e2bdc949cf60c819e9b18,mapped
B193,resource:B193,680578f71366ea50037a3ae8e7a165576073573f8edab85b555b7a69e56e73cf,mapped
B205,resource:B205,edfdf7a35223576bd13b5aa0f01029ae2d57512c60fed198df5379cd046776d6,mapped
B40,resource:B40,5b48351d1f5df582fcd966048099246ec07029ae595996c7b5bf5270f064db4e,mapped
B46,resource:B46,69701a96b56e44b14c455e5fa651937ec5d708d84ca537d29921f3614eadf471,mapped
B62,resource:B62,b5f6166d8cfe7645a2af389d51bb99217e73028eb3b77e2e2cec00381f4be737,mapped
B65,resource:B65,b91a1ac581bfef8a7f335c38bf767abc8020a325aa3058756a5ce91cfd5b00be,mapped
B78,resource:B78,1d10dcda017e3abefc7892644e5258efa2f5977e5803c74ef7a28695f042321c,mapped
B97,resource:B97,b730d1729b11bbfc8f9afe1e8aed03696cac43a81199d2b08b5e583b9455b471,mapped
R1,resource:R1,e54460ff8f1c6fa1d6d0c5436fa037cf1d02a235653a5c22f55df8eed1e75380,mapped
R10,resource:R10,3993fff2dbc7ddaa4851ae1ec5a180e734858af82522626968b8ff73de526772,mapped
R100,resource:R100,9e74a0f6b2a23190359b5f81d09d6286bbe5770d5c1eb926b476111e72ab6ba9,mapped
R101,resource:R101,75ae32e68dcb356b967f91941a2b8f73d1a6697ef6560c61634b77bee301fc0e,mapped
R102,resource:R102,c804714e8804d6b595337fe1c20a8a4ac3d58fa2f586069c5d00d93c1ddb2b64,mapped
R103,resource:R103,838646de48911afa0653463f4b62b0ecdfbdc147f9fac2bb19fe075b9e87d8d1,mapped
R104,resource:R104,9c74626acdbd914bad241aebe7752a3baec58447c3e5e578e304801fffba1756,mapped
R105,resource:R105,6ae4ef88cb538bb60c1c801a80492d26c58bf48a35197d91ac9ebc3b609406b2,mapped
R106,resource:R106,01903bda65e4f645acb8dee834df34cc508a75436205f011eb66f5b0d03b0625,mapped
R108,resource:R108,278ed74adf1bbdba5218ba2721fb7617b5755358fdc1b5145b2646120c53d875,mapped
R109,resource:R109,f77c507674490dc574f9c6dcb734f0e278a93dc9c96f818e584657359467f36b,mapped
R11,resource:R11,ea64bd9a497f0b0eb1bd19bf83848f1ed79c160fb6041682f57dd9a9aff54fc2,mapped
R110,resource:R110,345b908f5830a7f683d2875bb2f88c4584bb62c80b0aa111655dae27004ed5f1,mapped
R111,resource:R111,677a3ddc5085dba5db15a223f967d6130212d1a91b52fb1d4f21ed4a58a71fee,mapped
R112,resource:R112,3accf5b67427a83f3d4929b4c927ef32abf4bafc67c3120ffa8826c928890621,mapped
R113,resource:R113,5ceaa3916067fba513ec8c31a90337c951798cafdd9efc7e5e1e90751d26c83d,mapped
R114,resource:R114,a50469b172cb262587ec405cbaca96cb90c6dbdec5f0aa08ca7580770d064698,mapped
R115,resource:R115,8fadb95bbf9fc4443e052dc7e61f390ddd1bb0ba6ad23037ae9d88bf47a99d06,mapped
R116,resource:R116,c38564a99ac1f085fb0cb2027f8107e748b04bb96015c2639dcf4f0952492f07,mapped
R117,resource:R117,bf39f0944286812e7c33d6f7f135423b0fe4247a4598faa31e6183938cd380e2,mapped
R118,resource:R118,559c865c8c5b54592c7dd3422f794c0c8588e31b92eb4c1efab9f8c2a54cc89a,mapped
R119,resource:R119,03075296c675c791560b15ff2a22adc595c09c6fc9e5fb597ce50234d1a3d960,mapped
R12,resource:R12,5bee4f3cbedc61271bc4a6caf5f25d247975924dd6d826b11bc6557585b3dfef,mapped
R120,resource:R120,35551e55c29bdb70fa9eaddb8a5cf7970ac77291bc23ccc22f73514b1a2aab6f,mapped
R123,resource:R123,3566d8ed0ff1132cab0b09559431e87adaea4fa0f6e6b49c880fd0560dc81ef1,mapped
R124,resource:R124,ace606bfa1afa338267e8592f2d8e74a5ce89b0b9e806c7d9c1d7ade185f54fd,mapped
R125,resource:R125,5d2f69fe98cb5e5b1ae9981e79d0621bfb727b1a7b4f5ea9aacdf1d237fdaeba,mapped
R126,resource:R126,4bec7ae69e99ba3e839d4fc252904606c48891e5dce352455ef9b2bc1bc16928,mapped
R127,resource:R127,618c88479f5a80c2fa4aab5974e9488e2ee05fa8c1c788ca07b00d374083f375,mapped
R128,resource:R128,c9c328cce268bb4c6b572fc5555d6b4c7b0e2e68f79b93ff4b952e64b33e9084,mapped
R13,resource:R13,e6177d14d17da229a5a91da1274be4b1ca8b14f6b15f9047f6189ddedbeaf75f,mapped
R130,resource:R130,a759fc0c8ff78e8aaecd76c98b0b72b6bce81099517113af24afdc2d87c3e0db,mapped
R131,resource:R131,90e8f0332db7fc3e440fd63126c3dc92e391677ef0037b26754f6859d7634c56,mapped
R132,resource:R132,9b875e8d5fa0a2c0aa59590d872109615e05c673b41f31b0c5ccfcbe3f464a29,mapped
R133,resource:R133,29d4244cddda5230066abcc5dbc0d2533604975f8ae263ffc42cf7183b707b7f,mapped
R134,resource:R134,60886cfeb11c37bac10dab3173838904506a5be0b5dcd34588158be2358cba68,mapped
R135,resource:R135,95207cb96834a1e82c9ea8dca231f62eb24930772c1aa9545420b4fed6cd9173,mapped
R136,resource:R136,a1a9b15b904aea56b2b634cb77d3a4eddfa18fd8aa2470367292bfc8c98021bf,mapped
R137,resource:R137,2f164c29b81fb4f4e2a4db5e67d724143108ea3b96569380e8a430d439e6b3e9,mapped
R138,resource:R138,04e65812f3adda81dabab37bef656620df174eae802ba738c4c1e6a1788ef56f,mapped
R139,resource:R139,fdb186fb52bc733ef90d3de8269011de2fa7b1f909ac8f37be0e17da41d7419d,mapped
R14,resource:R14,62570aead46f86f7612853513ff1080a6f78fa757d0bc74667bec602b8fc609e,mapped
R142,resource:R142,a7525cca9f2adc9485cbb0112c877d18828775487d1de171ee678c5fe3959c48,mapped
R143,resource:R143,c682ac8d41c631bbcd85028432c9ec7d08283c24de109396fcf33765041665e3,mapped
R144,resource:R144,4c5bdd171358a7e2bc59fbfdccffdc24c8cd6eaa9a0b5fdb968fa104f9060eff,mapped
R145,resource:R145,80b096e300ef3790aaef89d0cf63582cf202a55e240a1f9d83693bac1637d1da,mapped
R146,resource:R146,e63ee6fc32fc0c69c7c6cca7469ba4832f15538023d3573a67d404888f7c1c9b,mapped
R147,resource:R147,7dc7241602bba047aea2e9113a45bf9b4f60ccb733b5d2a90bc33451c8c14eec,mapped
R148,resource:R148,35fda1bd89e79670577b6fd736b6ab2d2d89e20c4651ffd4ac66a732e6d978ec,mapped
R149,resource:R149,e1719ec268990e4eb5df2f1f074a16a0ad77d33c88d6db3b555d736e5308b187,mapped
R150,resource:R150,53021952bc9fc33be8d3285f0197739aa28f1758de71761d301dd942a9ab55c7,mapped
R151,resource:R151,8cef35064ceba1b8e6e548bb725731720ac745ad56f7b6c5b361a80f54274472,mapped
R154,resource:R154,571a8bda5bfc3cb305f0671326a6371691876541004c82602f9fad22231d5d47,mapped
R157,resource:R157,f36063a4934d4789360bfa8fdaeaee3ce87179a0b3a315118871a6972c3ae0d9,mapped
R16,resource:R16,889d57d9890a8481c20cda4989fe268bf70c986851d6c2c50ae226ea6a541264,mapped
R160,resource:R160,56fea142202211cd840170112c0ce75a1e63109806263676bf149b7a00322917,mapped
R161,resource:R161,de8d43bae879746ad6bbe926d979ff6fcc4c7b8fbedd7fca414d75cf2ebb05ef,mapped
R162,resource:R162,cc78306f619389c3f663222146ee390421efece3987de5c4c805b6721b40e86c,mapped
R164,resource:R164,8702d64a2f51c2733c529e02dcde4ef6e3050fba24dc5a72176636a79e7e5b4a,mapped
R165,resource:R165,8770e2d5e3b254f52d626819dc75119f4b50614a753485f28846f5221ba02dc1,mapped
R166,resource:R166,8745e579b314dd5c0a8663c324618a9ea57c2c8a0617eedf48fe8ef5f0b0d89a,mapped
R168,resource:R168,553a52eb2992de6e812db046458ffc812886fbe9f9a494b3610f57b5e87081b6,mapped
R169,resource:R169,24c57830609fbd586e5fbb418db6e1342f28a738a2e6faf18dda64b464b8dd37,mapped
R17,resource:R17,23b4c278cda00be467e4feb0e3cb8cc0c7e9c6a0b2a11808b9ec5eed1a96a1e2,mapped
R170,resource:R170,47d00a9eaed5831d88b3d75ef1a610df777826b31898784e80f74be81fce43b5,mapped
R173,resource:R173,d1d436a17855d71a12311cab6fde32c2c74384a5b5aa2e547366422c8c65febd,mapped
R174,resource:R174,8d283362ea4d55191bece8a190dd1c4b1134452d20b209e7b0872c5b05562514,mapped
R175,resource:R175,ce84c055ce6ee2203507cc061eeed77502cb4f9d1e81feaa3d2ab8d6cb72f08a,mapped
R176,resource:R176,aa45f862333599c7bf82225162f7b25e6d06785b966b7773dafc9a7d82e73388,mapped
R178,resource:R178,1bd5e209c61d0981a2f70030a6e9b95eb7892abb634a3f68d0dcef7ba6c27b0b,mapped
R179,resource:R179,55b6bd7577ff42ba1034051f61a55db3c7e99f503f6a1ec8234a0ce8f1832874,mapped
R18,resource:R18,5b287528f0cb4e7a811983c83cccb8bc5c312faf6f5b76668c6353a15b8ec81b,mapped
R180,resource:R180,617ccf9c05260a9008383a28aae7c2a1e325f4fb95c3664648e9022cbabcaff9,mapped
R181,resource:R181,6075f4404ad81c3df84718c54de0ff13d1020b4433a20aa2fce4c458a384dc51,mapped
R183,resource:R183,d1c5e57a59173ea860c4e3c110a9ff73d7f9e873a38934889d0c971a4a8667ab,mapped
R184,resource:R184,032605af4ad9b6d4cf2f8e11b36ac7ac131e2a8971d01dbc05fbb3fffd4d3a1a,mapped
R185,resource:R185,39a600d7e339be357814b4e161115aec5fd9cfc1ff08c13e1c51266ca5f12a69,mapped
R186,resource:R186,659a5b7bdaaa8871693974c6706e7bcdd664773c650eb604471e76403674efad,mapped
R189,resource:R189,cbf53109110686a3df13bb43c4f6c657d25b293e0b23387742ed83d8ea66e652,mapped
R19,resource:R19,380fca0c70dd41ca4981e5c8197a6a924651b4e6be74bbd8fd9d13fb776207d9,mapped
R190,resource:R190,65ca2256be37ddfab9f8f7d1ebfccfaa614ee64d3d5fa1fdf74590aec1fc0e09,mapped
R191,resource:R191,b199d4be2e75411e431de3cfe79fce2fce079f25715a83009012df81d72a4b47,mapped
R192,resource:R192,166e9ae07bf67f5f204ef0c15dc2ddfaa69d2409694963ca896789f9c7f11679,mapped
R193,resource:R193,4f0a5f1f4b4eca20acbbd39e1ce2c9a1a8d24c69f0c598e2fdedee5fd687e88a,mapped
R194,resource:R194,5edb4f3099d0b82d9bdb7866ab27714a12f4605ba8be31282285c90b19bbfa44,mapped
R195,resource:R195,c49f04b577f62d72e68132a19250f234e6c85c46245cda08285f47b2a8307606,mapped
R196,resource:R196,8b7995f2ec741778dfbeb841abd8a96bb1e497a08a85ec6a3be024139e0f0e4e,mapped
R198,resource:R198,f8532b61157795304027ef0b2bcc6a35a702c77bd1be17703bb0552af8a89cba,mapped
R199,resource:R199,d71ad590bb5e85bd03544ff89602c9e7d8e0484f1785720b4cb6c64d12f1e2e3,mapped
R20,resource:R20,c1e3ca1c9310dae7201b8ecb24d884d8571bbe7aa4c3ac1ac30516b325f36bf1,mapped
R201,resource:R201,96c0b5b7ab9f01a8dbfa7f25fe6ae6dbbd91b23860b7f073464f0e0c07d73bb7,mapped
R202,resource:R202,b89a8d95ecc54218db0d48c7a4649cb94bcff9aaa70bda8d8a568dce00cbda54,mapped
R204,resource:R204,7e290fade4254559e14cb74e0b397b7c3c2cfc4368af95634a9fe46ff3c93f48,mapped
R205,resource:R205,83fa43bab12df5fd6cab0d9ad7dbd86d7ded1012ff5a1ab38b16e844d0a9b7c0,mapped
R206,resource:R206,45e6ca9cd97835ccf731177219842708fc0d19ea98f5212fb1bdd638ae448318,mapped
R207,resource:R207,e77735c63b718d74aafce62bc0d5129b177180e7bd1a73767abfe6dbdfefeb94,mapped
R208,resource:R208,55a8c6663a26c67626ec64d9725b766d6d4309cb7b979bf205192a7e707a2873,mapped
R209,resource:R209,f59301b934d2e2b5bef65ad38c2a259b9498c079c6292323cb771182efaa8ed3,mapped
R21,resource:R21,652c5900a9f4f42db26b054486c8486477e19e0dc2a338ae32dcb92bd61217cf,mapped
R210,resource:R210,b0ea7a81cc9ed7b5e8be125867ce0444f38c106cc65fd726025d95c60b9b90db,mapped
R211,resource:R211,10f2df689b32d5fb79adb6c099c7bb67bbbc68b92ddbf5c2f8ef797cc6557718,mapped
R212,resource:R212,3132cb6eeb8dab56fc732fbb53b657f5f1e236388d9b7cdab2114aa75f73ff52,mapped
R214,resource:R214,3c659b00eb1cfa431f4a0bd85d6a79a9137e2ad918240b745f5b3df40b37d84b,mapped
R216,resource:R216,22f4ede6b6e734e82b04de7661b006463aab093995e87fa3e717643b5dad4e24,mapped
R217,resource:R217,594498b06f2eec96eb71a9c9dac9c2d43252f8b9dcbc94f98b3f1f40421b380b,mapped
R218,resource:R218,da3ba5bcc43d79891eb6479e3093b6381b03db0d0f2946bfdb94f175c2b3c0de,mapped
R22,resource:R22,29d5f3abeb95dbaceadbb627f47468ec690cbb712af4c138e7aa62cef34c86f9,mapped
R220,resource:R220,a757c5b14d4156ccd5c6e3fe9d05ded7a9bc40687d445b0ab11f5f1fc041ce64,mapped
R221,resource:R221,9a50f9f9b33641af963fc5b7a81eb80baa1962097880e2647163723897bb7dee,mapped
R222,resource:R222,222ddce0df377f7e68a08f9a6b80489c82a98a4e2e483bc86c99b0811a108e86,mapped
R223,resource:R223,e6b3bb66173c5d2b2cd2d55ebb354c8d1bfa578974f452622a11f5197706522c,mapped
R224,resource:R224,da995b7c0403d93f0e0bcbbe6228bc5e4cd81796810f6f05b98d59c37e815123,mapped
R226,resource:R226,3aa484637fa6fafb870c9c85702b21f3e0bbd16cbd5f401fd3b8a38a0783e6a8,mapped
R227,resource:R227,3bbf580c6568a0e3f3bf279b91b98cbd2b1436313eaf43343dea37eee5b43e52,mapped
R228,resource:R228,32a263db274daef1494401677e50832f62c7154743596c527bd209e460925539,mapped
R229,resource:R229,8d40ed4486733fc55f4f9b19c8cd3cc3a97a4ab9f3652e376a2cd65737067a1b,mapped
R23,resource:R23,e40c75fcf82d7721ebe319312c819fd08c687164451dc31d832bcf4276b14dc5,mapped
R230,resource:R230,89746fe15a1619eba8a1f22e68f29847886d6114cf5b8da05147ba03d0ea9c0f,mapped
R231,resource:R231,4148de2439bcf79df0d748c64df763f524965c1ebc6c83dc5031bc3477a723b9,mapped
R232,resource:R232,afe0658a84477dc35df97be8a6b061cd0aba72ba3014dcce07c64e4a55b3970a,mapped
R24,resource:R24,f891772ea4dbf5c5b7ff70f6a2fb0dd223d9b4f87be0e7c5e32a1927ac88f717,mapped
R25,resource:R25,50aa420cff54b7f0677576a8a47f62b214f0ed77db2baa2c94e66eb489a74acd,mapped
R26,resource:R26,b24417a095a0310ea854af1f265bdd6adeb371f0ffde7a2b0e4f483ef1a85677,mapped
R27,resource:R27,5af363b25ffe6f8da02c8ed79e15112620ee3b5c8709700f4610fc153506b820,mapped
R28,resource:R28,eaf047262faa8f900349dafd5a10bd7ff2e595250b7d172d8af2da7c635a08a3,mapped
R29,resource:R29,8b1c3c3a515ab512618472bba47a04b7ad2a1023db2d3411c35600f96a800684,mapped
R30,resource:R30,ace4d47691401d65a89477ab1f94eca6fd8966ae1b97c010c712f05f7aa874d9,mapped
R31,resource:R31,5d76954e9904611630595bb65a2ba16fe6feae2085bf2ec8361a1eb778028a64,mapped
R32,resource:R32,18922180d75a5c822cc183fa02ca72ab69f4d228a1a8c83dc64410500431aec2,mapped
R33,resource:R33,cbe05f36dc4eac4e8c88f0802441e9ec613f547560d580a3a26e1477c44f8eec,mapped
R34,resource:R34,23db05e7c12aafa7dc7ebd8fd74c2e337d43671a849f7c61d84785990f7af550,mapped
R35,resource:R35,1852d8789f2140ee879a08c9da2327657a10512579ddec8ccdcab43ef8fecef2,mapped
R36,resource:R36,ba2ae644a39d7ffda5433e563a566dd6f2253fe8564efbd3b7e3ce7fa73b23cb,mapped
R37,resource:R37,a8b5c8c832d0b6f8f0fc09fdcf0df270426640b2d585da2238c74d7ceb7ffc96,mapped
R38,resource:R38,518b8e7bb7190b52d83f852ca00291eba7c2c83e0e5556fb5109659923903998,mapped
R39,resource:R39,e8790c2141240fb2b7a808049d82eff43fabc7f7c7fc92de4bc8041810ae68b7,mapped
R4,resource:R4,0e58bb9e586433b6ad8f91a1b3e200c0dbc8d10f235a7fc267ff27c1df6d4b1f,mapped
R40,resource:R40,a24f25208ac5b77d3d74b9116746c1f5e364b2b48b90432ec6b70b038ee670fc,mapped
R41,resource:R41,8576fa9682203957a0e27a173dc34047b9743bc2e6349a0fe17b4e9d945a685d,mapped
R42,resource:R42,b09710c01d67b05e624572be12bf2961a4046b2c1b072bfea4b65f76a3523c33,mapped
R43,resource:R43,cbf5cbb54f7a0084925d63e6dc43892980f10039fe838d1e0e1b3d855d250919,mapped
R44,resource:R44,07f9ee3010a213f1339025365f90638fc7f900be715c75594986446bc67b4439,mapped
R45,resource:R45,6e43fc6d69029dbea83b7940e71158d23c4a981d7500beffac1c1cce0885e608,mapped
R46,resource:R46,9564e5dba27f8a313c9342dc818e61dbffce36bde50310fdef2194382be67291,mapped
R47,resource:R47,3baecbd7fe6c59a95b1531749ac6a1f192fa0e0385ba9a3d5b090b2817e81963,mapped
R48,resource:R48,5894e7fdfc7417f249cbd88d33840b91132fbaf135ff53ad45c4591dcefa2956,mapped
R49,resource:R49,5906ade0bfb3637f249d8252a4102502a2b32e152bea3a641b4a690ed29d9b7c,mapped
R5,resource:R5,389a797bc7094d3a9968c1908ac46c9137f537ac31dcb11756bbbc08a169a62a,mapped
R50,resource:R50,63c5606dd4b8d2d913a130ab919c37932879da00deb82012777b87ec33b853c4,mapped
R51,resource:R51,8ce65de408dffdd5cf014c8c7c418e14e0cc211ef681de5a31f5b37a2a71efec,mapped
R52,resource:R52,39eff5886182783a004b7cf4fbfb87c1218dd6d74a6503c0d7a65c80707b5364,mapped
R53,resource:R53,2b1320e2f50ba789c2f4e65c61977bf9b2577ac77b944bfc9997334b6b4feb26,mapped
R54,resource:R54,58ea57f4691ef166761746d6674bd9ac9f528e4c3083749cf1d5b4d20756cb33,mapped
R55,resource:R55,d79857b0da1170c0ee3b550536848e870e6327a10490a9c9c248c91426d9a992,mapped
R57,resource:R57,ad07aa19215aeafcd2bf36f363e6e4a40aa46a03a105b2bb6a831d9663a74bc1,mapped
R58,resource:R58,4a62e99d27eb42ffc6988ce6f5177bda2d709f4864c24b46c731dfbf29f0ff96,mapped
R59,resource:R59,6dea2389e119317855657a8019a9e46eb93f4b745e497ad1e287e8257229fa86,mapped
R6,resource:R6,bc18c316a371990b13c23b124d204182a0bbc2cb6a55bea806fa8b20832b23fe,mapped
R60,resource:R60,f044766efc9b18baa1f3ac49d05bc302c778bcfb01a050de1aa4e3d39572a703,mapped
R61,resource:R61,dfc34bea371f6949787666061025e7dfcc56a98566cc3492f4dd23aacb287078,mapped
R62,resource:R62,7292951dba09321cc06bb93555817bf7bab2c0c1ea38c57b7a68664468a2d9cc,mapped
R63,resource:R63,feaee78975bde5ce675dbbe255ff3ffb4cb3955b2390cc1e5c38895fbd95c936,mapped
R65,resource:R65,e374b850615fdd25e4e81c72a28e341a29d68ca84257c529bfc28b72bd512754,mapped
R66,resource:R66,84090fa2b124c8977f2b7e51693ae0457f173db93cdfbf8434e60b004b408c22,mapped
R67,resource:R67,976f41a2d470c39107b8e20c7257d8c8cdaeb81ad3253c09cb530edbd6a9bfd2,mapped
R68,resource:R68,3eda704a6a24e15720b49927462cdadb5033d28689d989d3d2151d6537b5e085,mapped
R69,resource:R69,07164d598c8d9c1ec3624899b24a6bc0aa8eb6a37fbfe5a90eb2a1461a35fef5,mapped
R7,resource:R7,ceaf9e51e7debe71ea7c2b837e66ba98798f29a79ebb0e0b01edb7fe0c0db3dc,mapped
R70,resource:R70,5b12cd63038dc5db422642cb542c2e1bcd2432854f0e92466858b2b5378e9002,mapped
R71,resource:R71,67203a0a3f0effdf1694d6af9c3d86836b2da4b3f63eae91d7693647a160a7de,mapped
R72,resource:R72,b0dd2c07b473f37a346d9f198ffba6ffcf51ce1777290659088c6f5b9397a756,mapped
R73,resource:R73,cb49063daf275bcce2367500d22398b03ce24d11a0181c25692d3c54bb308cf7,mapped
R74,resource:R74,c492c49e9043d9afce3a5e7d04bd520fd3220c03b6f43bd6ac135a172478ca0d,mapped
R75,resource:R75,ca22937fd158332e05b2f7061876be82af976e45fca8ff7fbc92a53afa478714,mapped
R76,resource:R76,27649cb388f1bfdf7148d4dc147d663b5e47a4932eb1f6cfe0a1b66b10e29c12,mapped
R77,resource:R77,94636f367a1e2de18e88142774e8e30827b882a59e426f0ca2206451006af1f6,mapped
R79,resource:R79,49170c49b9be62251ef66bbf05647bb9db3732b27645ed47d133f8f2cc41e029,mapped
R8,resource:R8,8c6182c583cc507fa8af0663ef3bc6bb8c7fef1bdfb8e34405307a243ca8fdd4,mapped
R81,resource:R81,3e71da7a0f5bb33cbc8bfa8e5ce14493f074e90eee9dd4d5f3f6985e7a78f0d8,mapped
R82,resource:R82,71982d7c7b55a333fd26df30e8c8010aab22411ac51f66106e03706c434ada41,mapped
R83,resource:R83,09d6dcd34eee0e6f6b4012a3030f0bccfd542ec11aafa70d160aeb6e8142dc24,mapped
R84,resource:R84,da57ee5272a190707b87f0aa0a9594f5f2803c76aa9cb87751ec9f4e2e0787d1,mapped
R85,resource:R85,77e25c08a437c5421c820d800bff1ea7d751b01882c8c9ecc086a9c99b6f553f,mapped
R86,resource:R86,9a45465c664d62ea9e427359fb7008f92aee94f018acfc8de21665638c5133e4,mapped
R87,resource:R87,894234742c9cb67ea956469d17723a80d459c84fdf3621ff9c816d4e54103f4b,mapped
R88,resource:R88,70b5bfa0431b9eb5b5542e05044963d563b8d8c330bb649860d45165b5cded63,mapped
R89,resource:R89,fc16c859f7527bab6c998ff629b43c6410fa619452dc3b7b4ccb64b2d1863ffc,mapped
R9,resource:R9,3a9b7de7c3d0f19a229c8f320f436f4a721ec414f3f474f9d7bef505d10fd3e5,mapped
R90,resource:R90,223e8dd2c0b704f7df5360546a29aa35d79f2d37f7c87b7c2a907bacf6f21363,mapped
R91,resource:R91,9d1f44b748c92f04d33743c94de545bc173b947e570ce60df7c26088e6eb82b5,mapped
R92,resource:R92,59959feae50ef5adb4d7eceefb29ae10d40a8f030ac9ab8c17fc370d2cabfed5,mapped
R93,resource:R93,b51f962055071aea392771237fff8bcbde6ec0ac4d39c86853b747fadcc1a5bc,mapped
R94,resource:R94,c390e7be94db77d4d074ccb9b24796d3da161a81733c07fdd4fae9f0e838dcaf,mapped
R95,resource:R95,dc0a87e556437b60182e6b5683237b66f6612b224269be4418978460a8e563ea,mapped
R97,resource:R97,a1ad21f01b1703f4629ae1f5b31efb9034f1d8ce7bc65ff2b7c37b8c0e5aaffc,mapped
R98,resource:R98,d2932eb0b790ed1f0d9f1f449e401a2126658af75782fe88ffa8175d24fada3c,mapped
R99,resource:R99,b0492fe8ea15209a1e29185772fc8bccf9784d6835c12caa2ce4ba26925da69f,mapped
